year,CO,SO2,O3,PM2.5,PM10,NO2
2013,1004.7746097313003,17.163951787337872,62.20105752509937,68.84857633388661,95.84539309562034,36.05710785994623
2014,1062.0969069879397,17.449017051603455,67.83386081789365,76.91714669829771,99.78071578115785,37.16432080926917
2015,1041.8497454720086,8.706639589546764,60.48189799372919,70.68161707681088,89.47205376252235,28.40748348419366
2016,932.3684346124646,6.636143171393331,53.36853537403037,60.965428429720724,82.17493102405301,27.491813956951578
2017,1316.557553157683,9.76975853994477,46.67438563172581,74.12487521663947,91.88099100558327,38.929461364533836
