year,CO,SO2,O3,PM2.5,PM10,NO2
2013,1348.5041083237556,23.653237798026865,46.58108147008616,91.60583057881347,112.29403419003246,68.55555327812942
2014,1371.3638887219956,24.978420561436998,41.060663905260654,89.65000897317425,130.3558577884691,75.49264166281306
2015,1329.3768831560265,14.861336214001913,52.05532316687064,80.44913650717298,106.7870066114376,58.45646450634174
2016,1231.3970742877502,10.623594643571597,53.740601729642584,71.3860217007096,92.79971970813244,58.49081062459519
2017,1748.4824129692447,20.300611499218007,35.80004158980856,94.0092153097923,110.74696819192589,69.01675863617498
