year,CO,SO2,O3,PM2.5,PM10,NO2
2013,1042.7300459622616,19.20464404664044,61.48163736046134,72.68777037958431,91.23158036549509,41.08608563494625
2014,1200.19418102429,21.116234784687336,63.16459538148823,79.7091283391214,106.79502447147347,45.651869223827525
2015,1160.8741139612177,11.69926293773633,57.858851575547334,69.14275513910022,93.66628602301671,42.74689108753794
2016,1123.0661886716991,8.146822765887132,53.93761899186719,61.57115147287584,86.24591055448695,45.546425048344105
2017,1527.7991108406018,16.42802952614886,33.135464253576885,79.92639542064074,94.18886563930705,50.980736785426764
