year,CO,SO2,O3,PM2.5,PM10,NO2
2013,1326.3732732804121,18.201028092117898,54.49427882554436,83.20878415334286,108.26939246297107,53.2928996198706
2014,1329.1692127564938,19.818678119591077,56.42077871471208,86.43937785186712,114.58466679232656,55.967987931363076
2015,1300.2451458674589,11.806769297977429,60.322280088301866,82.48211251031478,102.92432049739332,51.921758392871475
2016,1196.8245524553593,8.927854850575415,55.45156359635469,73.8235731847606,97.05377481574953,50.02329899746268
2017,1722.0754181617049,14.014847500229125,35.814377056092326,98.0747073628603,125.074423109874,63.912344394518385
